wardrobe,1,back,スセロスケープ,[1]=MND+20[2]=Mag. Acc+20 /Mag. Dmg.+20[3]=MND+10[4]="Fast Cast"+10,RDM,1,
wardrobe,2,main,グリオアヴァール,[1]=Magic burst dmg.+4%[2]=INT+19[3]=Mag. Acc.+20[4]="Mag.Atk.Bns."+24,,0,
wardrobe,3,main,ヤグルシュ,,,0,
wardrobe,4,head,テルキネキャップ,[1]=Mag. Evasion+23[2]=Pet: "Regen"+3[3]=Pet: Damage taken -3%,,0,
wardrobe,5,main,タマシチ,[2]=Occ. atk. twice+8[4]=Enmity-10,,0,
wardrobe,6,feet,ＡＺゲートル+1,,,0,
wardrobe,7,head,ムセスターバン+1,,,0,
wardrobe,8,back,インタラアスケープ,[2]=Mag. Acc+20 /Mag. Dmg.+20[4]="Fast Cast"+10,,0,
wardrobe,9,head,マーリンフード,[1]=Mag. Acc.+22 "Mag.Atk.Bns."+22[2]=Mag. crit. hit dmg. +4%[3]=INT+10[4]=Mag. Acc.+10[5]="Mag.Atk.Bns."+15,,0,
wardrobe,10,head,妖蟲の髪飾り+1,,RDM,1,
wardrobe,11,body,ヴリコダラジュポン,,RDM,1,
wardrobe,13,legs,サイクロスラッパ,[1]=MP+80[2]=Mag. Acc.+15[3]="Fast Cast"+7,,0,
wardrobe,14,back,ベレナスケープ,[1]=AGI+20[2]=Rng.Acc.+20 Rng.Atk.+20[3]=Rng.Acc.+10[4]="Store TP"+10,,0,
wardrobe,15,body,ＧＯチュニック+1,,,0,
wardrobe,16,legs,ＧＥスパッツ+1,[1]=Phys. dmg. taken -4%[2]=Song spellcasting time -5%,,0,
wardrobe,17,body,ピンガチュニック+1,,,0,
wardrobe,18,head,タリアターバン+2,,,0,
wardrobe,19,legs,エアスロップス+1,,,0,
wardrobe,20,back,カムラスマント,[1]=AGI+20[2]=Mag. Acc+20 /Mag. Dmg.+20[3]=AGI+10[4]=Weapon skill damage +10%,,0,
wardrobe,21,body,テルキネシャジュブ,[1]=Mag. Evasion+25[2]=Pet: "Regen"+3[3]=Pet: Damage taken -3%,,0,
wardrobe,22,range,デュンナ,[1]=MP+20[2]=Mag. Acc.+10[3]="Fast Cast"+3,,0,
wardrobe,24,body,ムセスマンティル+1,,,0,
wardrobe,25,hands,ＡＺグローブ+1,,,0,
wardrobe,26,hands,ＧＯミテーヌ+3,,,0,
wardrobe,27,hands,テルキネグローブ,[1]=Mag. Evasion+23[2]=Pet: "Regen"+3[3]=Pet: Damage taken -3%,,0,
wardrobe,28,hands,ムセスゲージ+1,,,0,
wardrobe,29,body,タリアマンティル+2,,,0,
wardrobe,30,ammo,インカントストーン,,,0,
wardrobe,31,legs,ピンガズボン+1,,,0,
wardrobe,32,feet,ＧＯサンダル+1,,,0,
wardrobe,34,head,ＡＭコイフ+1,[1]=MP+80[2]=Mag. Acc.+20[3]="Mag.Atk.Bns."+20,RDM,1,
wardrobe,35,body,エアウプランド+1,,RDM,1,
wardrobe,36,ammo,サバントテーシス,,,0,
wardrobe,37,legs,ＡＭスロップス+1,[1]=INT+12[2]=Elem. magic skill +20[3]=Dark magic skill +20,RDM,1,
wardrobe,38,body,トワイライトプリス,,RDM,1,
wardrobe,39,legs,ＢＡパンツ+1,[3]=Enhances "Mending Halation" effect,,0,
wardrobe,40,legs,テルキネブラコーニ,[1]=Mag. Evasion+25[2]=Pet: "Regen"+3[3]=Pet: Damage taken -4%,,0,
wardrobe,41,legs,ＧＯパンツ+3,,,0,
wardrobe,42,main,イドリス,,,0,
wardrobe,43,legs,マーリンシャルワ,[1]=Mag. Acc.+25 "Mag.Atk.Bns."+25[2]="Occult Acumen"+9[3]=INT+14[4]=Mag. Acc.+11[5]="Mag.Atk.Bns."+12,,0,
wardrobe,44,neck,ボルトサージトルク,,,0,
wardrobe,46,feet,テルキネピガッシュ,[1]=Mag. Evasion+24[2]=Pet: "Regen"+3[3]=Pet: Damage taken -3%,,0,
wardrobe,47,ear,驕慢の耳,,RDM,1,
wardrobe,48,ear,バーカロルピアス,,,0,
wardrobe,50,body,ＢＡチュニック+1,[3]=Enhances "Bolster" effect,,0,
wardrobe,51,feet,ＡＭネール+1,[1]=MP+80[2]=Mag. Acc.+20[3]="Mag.Atk.Bns."+20,RDM,1,
wardrobe,52,head,エアハット+1,,RDM,1,
wardrobe,53,legs,タリアサラウィル+2,,,0,
wardrobe,55,waist,チャネラーストーン,,,0,
wardrobe,56,feet,ＴＥダックビル+3,,,0,
wardrobe,57,head,ヴァニヤフード,[1]=MP+50[2]="Fast Cast"+10[3]=Haste+2%,,0,
wardrobe,58,head,ビファウルクラウン,,RDM,1,
wardrobe,59,hands,レイライングローブ,[1]=Accuracy+15[2]=Mag. Acc.+15[3]="Mag.Atk.Bns."+15[4]="Fast Cast"+3,RDM,1,
wardrobe,60,ear,セサンスピアス,,,0,
wardrobe,62,legs,ムセスサラウィル+1,,,0,
wardrobe,63,waist,ジーゲルサッシュ,,RDM,1,
wardrobe,64,back,龍脈の外套,[1]=Geomancy Skill +10[2]=Indi. eff. dur. +14[3]=Pet: Damage taken -3%[4]=Damage taken-3%,,0,
wardrobe,65,back,コンベイケープ,[1]=Summoning magic skill +5[2]=Pet: Enmity+14[3]=Blood Pact ab. del. II -3,,0,
wardrobe,66,ear,フリオミシピアス,,,0,
wardrobe,67,sub,クレリストラップ+1,,,0,
wardrobe,68,neck,スカウトゴルゲ+2,[1]=Path: A,,0,
wardrobe,69,feet,タリアクラッコー+2,,,0,
wardrobe,70,head,ＡＺフード+1,,,0,
wardrobe,71,hands,ＡＭゲージ+1,[1]=INT+12[2]=Mag. Acc.+20[3]="Mag.Atk.Bns."+20,RDM,1,
wardrobe,72,body,ＡＭダブレット+1,[1]=MP+80[2]="Mag.Atk.Bns."+25[3]="Fast Cast"+4,RDM,1,
wardrobe,73,hands,タリアゲージ+2,,,0,
wardrobe,74,body,ヴァニヤローブ,[1]=MND+10[2]=Spell interruption rate down +15%[3]="Conserve MP"+6,,0,
wardrobe,75,feet,カイロンスリッパー,[1]=Pet: Mag. Acc.+29[2]=Accuracy+25[3]="Refresh"+2[4]=Mag. Acc.+20 "Mag.Atk.Bns."+20,,0,
wardrobe,76,hands,カイロングローブ,[1]=DEX+4[2]=Phys. dmg. taken -2%[3]="Refresh"+2[4]=Mag. Acc.+10 "Mag.Atk.Bns."+10,,0,
wardrobe,77,feet,ヴァニヤクロッグ,[1]="Cure" potency +5%[2]="Cure" spellcasting time -15%[3]="Conserve MP"+6,,0,
wardrobe,78,back,アラウナスケープ,[1]=MND+20[2]=Mag. Acc+20 /Mag. Dmg.+20[3]=Mag. Acc.+10,,0,
wardrobe,79,back,スイスケープ+1,,,0,
wardrobe,80,feet,ＢＡサンダル+3,[3]=Enhances "Radial Arcana" effect,,0,
wardrobe2,1,main,エスピリトゥス,[1]=Summoning magic skill +15[2]=Pet: Mag. Acc.+30[3]=Pet: Damage taken -4%,,0,
wardrobe2,2,back,スセロスケープ,[1]=DEX+20[2]=Accuracy+20 Attack+20[3]=Mag. Acc.+10[4]="Dual Wield"+10,RDM,1,
wardrobe2,3,head,マーリンフード,[1]=Pet: Mag. Acc.+24 Pet: "Mag.Atk.Bns."+24[2]=Blood Pact Dmg.+9[3]=Pet: Mag. Acc.+7,,0,
wardrobe2,4,head,ＣＮホーン+1,,,0,
wardrobe2,5,body,マーリンジュバ,[1]=Pet: Mag. Acc.+24 Pet: "Mag.Atk.Bns."+24[2]=Blood Pact Dmg.+10[3]=Pet: STR+3,,0,
wardrobe2,6,body,ＧＬダブレット+1,[3]=Reduces Sp. "Blood Pact" MP cost,,0,
wardrobe2,8,body,ＣＮダブレット+3,,,0,
wardrobe2,9,hands,ＧＬブレーサー+1,[3]=Inc. Sp. "Blood Pact" magic burst dmg.,,0,
wardrobe2,10,hands,ラマスミトン+1,,,0,
wardrobe2,11,legs,ＧＬスパッツ+1,[3]=Increases Sp. "Blood Pact" accuracy,,0,
wardrobe2,12,legs,ＡＰズボン+1,[1]=Pet: STR+20[2]=Blood Pact Dmg.+14[3]=Pet: "Dbl. Atk."+4,,0,
wardrobe2,13,legs,ＢＣスパッツ+1,,,0,
wardrobe2,14,head,ＰＩキャップ+3,[3]=Enhances "Devotion" effect,,0,
wardrobe2,15,feet,ＧＬピガッシュ+1,[3]=Inc. Sp. "Blood Pact" magic crit. dmg.,,0,
wardrobe2,16,head,ＡＰクラウン+1,[1]=MP+80[2]=Pet: Attack+35[3]=Blood Pact Dmg.+8,,0,
wardrobe2,17,waist,インカーネトサッシュ,,,0,
wardrobe2,18,back,コンベイケープ,[1]=Summoning magic skill +3[2]=Pet: Enmity+7[3]=Blood Pact Dmg.+4,,0,
wardrobe2,19,ear,エスパーピアス,,,0,
wardrobe2,20,ring,フェルボルリング,,,0,
wardrobe2,21,head,ＧＬホーン+1,[3]=Enhances "Astral Flow" effect,,0,
wardrobe2,22,body,ＢＣダブレット+1,,,0,
wardrobe2,23,hands,アステリアミトン+1,,,0,
wardrobe2,24,main,グリオアヴァール,[1]=Blood Pact Dmg.+7[2]=Pet: INT+9[3]=Pet: Mag. Acc.+20[4]=Pet: "Mag.Atk.Bns."+25,,0,
wardrobe2,25,legs,アシドゥイズボン+1,,,0,
wardrobe2,26,feet,ＢＣピガッシュ+1,,,0,
wardrobe2,27,body,ＢＲジュスト+3,,,0,
wardrobe2,28,waist,ルセデティサッシュ,,,0,
wardrobe2,29,ear,エヴァンズピアス,,,0,
wardrobe2,30,ring,エボカーリング,,,0,
wardrobe2,31,main,ニルヴァーナ,,,0,
wardrobe2,32,head,ＢＩラウンドリト+3,[3]=Enhances "Con Anima" effect,,0,
wardrobe2,33,sub,ヴォックスグリップ,,,0,
wardrobe2,34,ear,ゲロスピアス,,,0,
wardrobe2,35,neck,コーラーペンダント,,,0,
wardrobe2,36,feet,ＡＰパンプス+1,[1]=MP+80[2]=Pet: Attack+35[3]=Blood Pact Dmg.+8,,0,
wardrobe2,37,hands,マーリンダスタナ,[1]=Pet: Mag. Acc.+25 Pet: "Mag.Atk.Bns."+25[2]=Blood Pact Dmg.+8[3]=Pet: DEX+7[4]=Pet: "Mag.Atk.Bns."+10,,0,
wardrobe2,38,body,ＰＩブリオー+3,[3]=Enhances "Benediction" effect,,0,
wardrobe2,39,ear,サモニングピアス,,,0,
wardrobe2,40,hands,ＧＥゲージ+1,[1]=Phys. dmg. taken -4%[2]=Magic dmg. taken -4%[3]="Cure" spellcasting time -4%,,0,
wardrobe2,41,back,ベレナスケープ,[1]=AGI+20[2]=Mag. Acc+20 /Mag. Dmg.+20[4]=Weapon skill damage +10%,,0,
wardrobe2,42,sub,エンキストラップ,,,0,
wardrobe2,43,head,テルキネキャップ,[2]="Elemental Siphon"+35,,0,
wardrobe2,44,sub,エランストラップ+1,,,0,
wardrobe2,45,hands,ＢＩカフス+3,[3]=Enhances "Con Brio" effect,,0,
wardrobe2,46,back,アラウナスケープ,[1]=DEX+20[2]=Accuracy+20 Attack+20[3]=DEX+10[4]="Dbl.Atk."+10,,0,
wardrobe2,47,legs,レンゴパンツ,[1]=INT+5[2]=Mag. Acc.+4[3]="Mag.Atk.Bns."+1[4]="Refresh"+1,,0,
wardrobe2,48,hands,ＢＲカフス+3,,,0,
wardrobe2,49,legs,ＴＥパンタロン+3,,,0,
wardrobe2,50,body,テルキネシャジュブ,[2]="Elemental Siphon"+30,,0,
wardrobe2,51,hands,テルキネグローブ,[2]="Elemental Siphon"+30,,0,
wardrobe2,52,neck,水影の首飾り,,RDM,1,
wardrobe2,53,back,カムラスマント,[1]=AGI+20[2]=Rng.Acc.+20 Rng.Atk.+20[3]=AGI+10[4]="Store TP"+10,,0,
wardrobe2,54,feet,ＣＮピガッシュ+3,,,0,
wardrobe2,55,ring,ヴァラールリング+1,,,0,
wardrobe2,56,waist,神術帯+1,,,0,
wardrobe2,57,waist,ルーミネリサッシュ,,RDM,1,
wardrobe2,58,waist,アサビクサッシュ+1,,,0,
wardrobe2,59,waist,イーサベルト,,,0,
wardrobe2,60,waist,ルミネートサッシュ,,RDM,1,
wardrobe2,61,waist,オリンポスサッシュ,,RDM,1,
wardrobe2,62,waist,カッソサッシュ,,,0,
wardrobe2,63,waist,ニヌルタサッシュ,,RDM,1,
wardrobe2,64,waist,八輪の帯,,,0,
wardrobe2,65,ring,スティキニリング+1,,RDM,1,
wardrobe2,66,legs,テルキネブラコーニ,[2]="Elemental Siphon"+35,,0,
wardrobe2,67,legs,エンタイサーパンツ,[1]=MP+50[2]=Pet: Accuracy+15 Pet: Rng. Acc.+15[3]=Pet: Mag. Acc.+15[4]=Pet: Damage taken -5%,,0,
wardrobe2,68,head,ＥＢキャップ+1,,,0,
wardrobe2,69,feet,ＢＲスリッパー+3,,,0,
wardrobe2,70,body,ＥＢブリオー+1,,,0,
wardrobe2,71,hands,ＥＢミトン+1,,,0,
wardrobe2,72,legs,ＰＩパンタロン+3,[3]=Enhances "Afflatus Misery" effect,,0,
wardrobe2,73,range,リノス,[1]=Accuracy+15[2]=Weapon skill damage +3%[3]=Quadruple Attack +3,,0,
wardrobe2,74,legs,ＥＢパンタロン+1,,,0,
wardrobe2,75,feet,ＥＢダックビル+1,,,0,
wardrobe2,76,head,ＢＣホーン+1,,,0,
wardrobe2,77,body,ＡＰダルマティカ+1,[1]=Summoning magic skill +20[2]=Enmity-6[3]=Pet: Damage taken -4%,,0,
wardrobe2,78,body,ＢＩジュストコル+3,[3]=Enhances "Troubadour" effect,,0,
wardrobe2,80,feet,マーリンクラッコー,[1]=Pet: Mag. Acc.+19 Pet: "Mag.Atk.Bns."+19[2]=Blood Pact Dmg.+10[3]=Pet: AGI+9[4]=Pet: Mag. Acc.+10,,0,
wardrobe3,1,main,クェラーロッド,[1]=MP+80[2]="Cure" potency +15%[3]=Enmity-5,,0,
wardrobe3,2,back,ラプソドスケープ,[1]=HP+29[2]=Mag. Acc.+5[3]=Enmity-6,,0,
wardrobe3,3,main,ベニフィクス,,,0,
wardrobe3,4,main,アーカi,[3]=Light Affinity: Magic Accuracy+1[4]=Light Affinity: Magic Damage+6 Light Affinity: Casting time-14%,,0,
wardrobe3,5,back,オーグマケープ,[1]=DEX+20[2]=Accuracy+20 Attack+20[4]=Weapon skill damage +10%,,0,
wardrobe3,6,ammo,エスパーストーン+1,,,0,
wardrobe3,7,ammo,ヘイストピニオン+1,,,0,
wardrobe3,8,ammo,ホミリアリ,,RDM,1,
wardrobe3,9,ammo,ペムフレドタスラム,,RDM,1,
wardrobe3,10,head,インヤガティアラ+2,,,0,
wardrobe3,11,sub,カルミナス,,,0,
wardrobe3,12,sub,玄武盾,[1]="Cure" potency +5%[2]="Cure" spellcasting time -6%[3]=MP+27,,0,
wardrobe3,13,neck,月虹の呼び子+1,,,0,
wardrobe3,14,main,アスクレピウス,[1]=Path: C,,0,
wardrobe3,15,hands,ファナチクグローブ,[1]=MP+50[2]=Healing magic skill +10[3]="Conserve MP"+7[4]="Fast Cast"+7,,0,
wardrobe3,16,body,ケカスブリオー+1,[1]=MP+80[2]="Cure" potency +6%[3]="Conserve MP"+7,RDM,1,
wardrobe3,17,hands,ダイナスティミトン,,,0,
wardrobe3,18,waist,スクリミルコード+1,,,0,
wardrobe3,19,ring,隠者の指輪+1,,,0,
wardrobe3,20,sub,アムラピシールド,,RDM,1,
wardrobe3,22,feet,ヘラルドゲートル,,,0,
wardrobe3,23,range,リノス,[1]=Accuracy+15[2]="Fast Cast"+4[3]=AGI+6,,0,
wardrobe3,24,legs,ケカスタイツ+1,[1]=MP+80[2]="Cure" spellcasting time -7%[3]=Enmity-6,RDM,1,
wardrobe3,25,neck,インカンタートルク,,RDM,1,
wardrobe3,26,body,ヘルクリアベスト,[1]=Mag. Acc.+20 "Mag.Atk.Bns."+20[2]=Enmity-3[3]=AGI+3[4]=Mag. Acc.+5[5]="Mag.Atk.Bns."+12,,0,
wardrobe3,27,back,ソレムニティケープ,,RDM,1,
wardrobe3,28,back,ナントセルタケープ,[1]=INT+20[2]=Mag. Acc+20 /Mag. Dmg.+20[4]="Mag.Atk.Bns."+10,,0,
wardrobe3,29,range,ブラーハープ+1,,,0,
wardrobe3,30,back,メンディングケープ,[1]=Healing magic skill +10[2]=Enha.mag. skill +8[3]=Mag. Acc.+8,,0,
wardrobe3,31,ammo,ストンチタスラム+1,,RDM,1,
wardrobe3,32,ear,メンデカントピアス,,RDM,1,
wardrobe3,33,ear,エテオレートピアス,,RDM,1,
wardrobe3,34,ear,朝露の耳飾,,,0,
wardrobe3,35,neck,バグアチャーム+2,[1]=Path: A,,0,
wardrobe3,36,ear,エンチャンピアス+1,,,0,
wardrobe3,37,ear,アンドアーピアス,,RDM,1,
wardrobe3,38,back,フィフォレケープ+1,,,0,
wardrobe3,39,ring,ヴァラールリング+1,,,0,
wardrobe3,40,ear,ロケイシャスピアス,,,0,
wardrobe3,41,waist,ビショップサッシュ,,,0,
wardrobe3,42,ear,ミミルピアス,,RDM,1,
wardrobe3,43,ring,女王の指輪+1,,,0,
wardrobe3,44,ring,女王の指輪+1,,,0,
wardrobe3,46,waist,句芒の帯,,,0,
wardrobe3,47,back,カンペストレケープ,[1]=Pet: Acc.+20 Pet: R.Acc.+20 Pet: Atk.+20 Pet: R.Atk.+20,,0,
wardrobe3,48,ring,メネロスリング,,RDM,1,
wardrobe3,49,ring,ハオマリング,,,0,
wardrobe3,50,ring,プロリクスリング,,,0,
wardrobe3,51,hands,インヤガダスタナ+2,,,0,
wardrobe3,52,ring,スティキニリング+1,,RDM,1,
wardrobe3,53,head,ヘルクリアヘルム,[1]=Mag. Acc.+19 "Mag.Atk.Bns."+19[2]=Crit. hit damage +1%[3]=STR+8[4]=Mag. Acc.+7[5]="Mag.Atk.Bns."+14,,0,
wardrobe3,54,ammo,王将の玉,,RDM,1,
wardrobe3,55,body,インヤガジュバ+2,,,0,
wardrobe3,56,feet,インヤガクラッコ+2,,,0,
wardrobe3,57,back,ベレナスケープ,[1]=AGI+20[2]=Rng.Acc.+20 Rng.Atk.+20[3]=AGI+10[4]=Weapon skill damage +10%,,0,
wardrobe3,59,legs,ヘルクリアトラウザ,[1]=Mag. Acc.+20 "Mag.Atk.Bns."+20[2]=Mag. Acc.+4[3]="Mag.Atk.Bns."+15,,0,
wardrobe3,60,ammo,サンカスサシェ+1,,,0,
wardrobe3,61,ear,ハーティーピアス,,,0,
wardrobe3,62,waist,風鳥の帯,,RDM,1,
wardrobe3,63,neck,オルンミラトルク,,,0,
wardrobe3,64,neck,デビリスメダル,,,0,
wardrobe3,65,sub,トィエライエキュ+1,,,0,
wardrobe3,66,head,ナティラハット,,,0,
wardrobe3,67,feet,ヘルクリアブーツ,[1]=Accuracy+2[2]="Mag.Atk.Bns."+23[3]=Mag. Acc.+15 "Mag.Atk.Bns."+15,,0,
wardrobe3,68,ear,マリグナスピアス,,RDM,1,
wardrobe3,69,waist,ピュシアサッシュ+1,,,0,
wardrobe3,70,ring,キシャールリング,,RDM,1,
wardrobe3,71,back,カムラスマント,[1]=DEX+20[2]=Accuracy+20 Attack+20[4]="Dbl.Atk."+10,,0,
wardrobe3,72,main,ガンバンテイン,,,0,
wardrobe3,73,back,インタラアスケープ,[1]=CHR+20[2]=Accuracy+20 Attack+20[3]=CHR+10[4]=Weapon skill damage +10%,,0,
wardrobe3,75,neck,デュアルカラー+1,,,0,
wardrobe3,76,ear,王将の耳飾り,,RDM,1,
wardrobe3,77,neck,クレリクトルク+2,[1]=Path: A,,0,
wardrobe3,78,body,ＡＺコート+1,,,0,
wardrobe3,79,back,黄昏の羽衣,,,0,
wardrobe3,80,feet,ＢＩスリッパー+3,[3]=Enhances "Nightingale" effect,,0,
wardrobe4,1,feet,マーリンクラッコー,[1]=Mag. Acc.+22 "Mag.Atk.Bns."+22[2]=Magic burst dmg.+7%[3]=INT+13[4]="Mag.Atk.Bns."+5,,0,
wardrobe4,2,body,アヤモコラッツァ+2,,RDM,1,
wardrobe4,3,hands,アヤモマノポラ+2,,RDM,1,
wardrobe4,4,ammo,プシロメン,,,0,
wardrobe4,5,range,ギャッラルホルン,,,0,
wardrobe4,6,head,カイロンハット,[1]=Mag. Acc.+22 "Mag.Atk.Bns."+22[2]="Fast Cast"+2[3]=Mag. Acc.+15,,0,
wardrobe4,7,head,ＴＥキャップ+1,,,0,
wardrobe4,8,body,カイロンダブレット,[1]=Mag. Acc.+24 "Mag.Atk.Bns."+24[2]="Conserve MP"+7[3]=CHR+8[4]=Mag. Acc.+15,,0,
wardrobe4,9,legs,アヤモコッシャレ+2,,RDM,1,
wardrobe4,10,head,ケカスミトラ+1,[1]=MP+80[2]="Cure" spellcasting time -7%[3]=Enmity-6,RDM,1,
wardrobe4,11,feet,ＦＬコテュルヌ+1,,,0,
wardrobe4,12,ring,ＷＬリング+1,,RDM,1,
wardrobe4,13,head,アヤモツッケット+2,,,0,
wardrobe4,14,waist,エンブラサッシュ,,RDM,1,
wardrobe4,15,ring,カッヤレスリング,,,0,
wardrobe4,16,hands,カイロングローブ,[1]=Mag. Acc.+23 "Mag.Atk.Bns."+23[2]=Enmity-1[3]=MND+6[4]=Mag. Acc.+15[5]="Mag.Atk.Bns."+4,,0,
wardrobe4,17,neck,ロリケートトルク+1,,RDM,1,
wardrobe4,18,back,ゴストファイケープ,[1]=Enfb.mag. skill +5[2]=Enha.mag. skill +10[3]=Mag. Acc.+3[4]=Enh. Mag. eff. dur. +18,RDM,1,
wardrobe4,19,ring,メリディアンリング,,,0,
wardrobe4,20,legs,カイロンホーズ,[1]=Mag. Acc.+24 "Mag.Atk.Bns."+24[2]=MND+5[3]=Mag. Acc.+12[4]="Mag.Atk.Bns."+3,RDM,1,
wardrobe4,21,feet,カイロンスリッパー,[1]=Mag. Acc.+24 "Mag.Atk.Bns."+24[2]=INT+5[3]=Mag. Acc.+12[4]="Mag.Atk.Bns."+8,,0,
wardrobe4,22,hands,ケカスカフス+1,[1]=MP+80[2]=MND+12[3]=Mag. Acc.+20,RDM,1,
wardrobe4,23,feet,アヤモガンビエラ+2,,RDM,1,
wardrobe4,24,neck,サンクトネックレス,,,0,
wardrobe4,25,ear,ルガルバンダピアス,,,0,
wardrobe4,26,legs,インヤガシャルワ,,,0,
wardrobe4,27,waist,霊亀腰帯,,RDM,1,
wardrobe4,28,waist,エスカンストーン,,,0,
wardrobe4,29,legs,インヤガシャルワ+1,,,0,
wardrobe4,30,ear,エンメルカルピアス,,,0,
wardrobe4,31,hands,ＴＥミトン+3,,,0,
wardrobe4,32,ear,テロスピアス,,,0,
wardrobe4,33,ear,ディグニタリピアス,,,0,
wardrobe4,34,back,カンペストレケープ,[1]=Pet: M.Acc.+20 Pet: M.Dmg.+20[4]=Pet: Haste+10,,0,
wardrobe4,35,ring,アルコンリング,,RDM,1,
wardrobe4,36,ear,怯懦の耳,,,0,
wardrobe4,37,legs,インヤガシャルワ+2,,,0,
wardrobe4,38,ring,ヘタイロイリング,,RDM,1,
wardrobe4,39,back,カムラスマント,[4]="Snapshot"+10,,0,
wardrobe4,40,ear,ヒーリングピアス,,,0,
wardrobe4,41,main,カルンウェナン,,,0,
wardrobe4,42,ring,ラジャスリング,,,0,
wardrobe4,43,neck,シュルマヌカラー,,,0,
wardrobe4,44,neck,アダドアミュレット,,,0,
wardrobe4,45,range,リノス,[1]=Accuracy+17[2]="Dbl.Atk."+3[3]=Quadruple Attack +3,,0,
wardrobe4,46,neck,リソムネックレス,,,0,
wardrobe4,47,head,ヴァニヤフード,[1]=Healing magic skill +20[2]="Cure" spellcasting time -7%[3]=Magic dmg. taken -3,,0,
wardrobe4,49,feet,ケカスブーツ+1,[1]=Mag. Acc.+20[2]="Cure" potency +6%[3]="Fast Cast"+4,RDM,1,
wardrobe4,50,legs,マーリンシャルワ,[1]=Mag. Acc.+21 "Mag.Atk.Bns."+21[2]=Magic burst dmg.+7%[3]=INT+5[4]=Mag. Acc.+13[5]="Mag.Atk.Bns."+10,RDM,1,
wardrobe4,51,feet,ブリオソスリッパー,,,0,
wardrobe4,52,back,ベレナスケープ,[4]="Snapshot"+10,,0,
wardrobe4,53,head,ＢＲランドリト+3,,,0,
wardrobe4,54,ear,ビティフィクピアス,,,0,
wardrobe4,55,waist,ウィンバフベルト+1,,,0,
wardrobe4,56,ear,デディションピアス,,,0,
wardrobe4,57,ring,エポナリング,,,0,
wardrobe4,58,head,ＦＬキャロ+1,,,0,
wardrobe4,59,body,ＦＬオングルリヌ+1,,,0,
wardrobe4,60,back,ナントセルタケープ,[1]=MP+60[2]=Eva.+20 /Mag. Eva.+20[4]=Pet: "Regen"+10,,0,
wardrobe4,61,hands,ＦＬマンシェト+1,,,0,
wardrobe4,62,legs,ＢＩキャニオンズ+3,[3]=Enhances "Soul Voice" effect,,0,
wardrobe4,63,feet,リーガルパンプス+1,,,0,
wardrobe4,64,main,カーリ,[1]=MP+60[2]=Mag. Acc.+20[3]="Refresh"+1,,0,
wardrobe4,65,back,インタラアスケープ,[1]=DEX+20[2]=Accuracy+20 Attack+20[3]=DEX+10[4]="Store TP"+10,,0,
wardrobe4,66,hands,マーリンダスタナ,[1]=Pet: Accuracy+30 Pet: Rng. Acc.+30[2]=Blood Pact Dmg.+10[3]=Pet: DEX+3[4]=Pet: Mag. Acc.+2,,0,
wardrobe4,67,back,スセロスケープ,[1]=DEX+20[2]=Accuracy+20 Attack+20[3]=DEX+10[4]="Dbl.Atk."+10,RDM,1,
wardrobe4,68,body,ロゼトジャズラン+1,[1]=Path: A,,0,
wardrobe4,69,range,ダウルダヴラ,,,0,
wardrobe4,70,range,マルシュアス,,,0,
wardrobe4,71,main,バルフォーク,[1]=Path: C,,0,
wardrobe4,72,legs,ＦＬラングラヴ+1,,,0,
wardrobe4,73,feet,ヴァニヤクロッグ,[1]=Healing magic skill +20[2]="Cure" spellcasting time -7%[3]=Magic dmg. taken -3,,0,
wardrobe4,74,ear,オノワイヤリング,,,0,
wardrobe4,75,ear,オノワイヤリング+1,,,0,
wardrobe4,76,body,ＴＥブリオー+3,,,0,
wardrobe4,77,neck,エーラペンダント,,,0,
wardrobe4,78,ring,メフィタスリング,,,0,
wardrobe4,79,ring,メフィタスリング+1,,,0,
wardrobe4,80,ear,カラミタスピアス,,,0,
wardrobe5,1,main,ボレラブンガ,,RDM,1,
wardrobe5,2,main,デイブレイクワンド,,RDM,1,
wardrobe5,3,waist,闇輪の帯,,,0,
wardrobe5,4,ring,フレキリング,,RDM,1,
wardrobe5,5,main,ガーダ,[1]=Enh. Mag. eff. dur. +6[2]="Mag.Atk.Bns."+12,,0,
wardrobe5,6,main,スセレスロッド,,,0,
wardrobe5,7,main,バドースロッド,,,0,
wardrobe5,8,main,レテクロッド+1,,,0,
wardrobe5,9,main,アーカii,[3]=Light Affinity: Magic Accuracy+6 Light Affinity: Recast time-14%[4]=Light Affinity: Magic Damage+1,,0,
wardrobe5,10,main,アカデモス,[1]=MP+80[2]=INT+20[3]="Mag.Atk.Bns."+20,,0,
wardrobe5,11,main,トゥプシマティ,,,0,
wardrobe5,12,main,フヴェルゲルミル,,,0,
wardrobe5,13,main,レテクスタッフ+1,,,0,
wardrobe5,14,ammo,ガストリタスラム+1,,RDM,1,
wardrobe5,15,head,マルクィシャポー+2,,,0,
wardrobe5,16,hands,レテクバングル+1,,,0,
wardrobe5,17,legs,ＡＣパンツ+1,,,0,
wardrobe5,18,neck,アギュトストール+2,[1]=Path: A,,0,
wardrobe5,19,neck,ベーテルペンダント,,RDM,1,
wardrobe5,20,waist,火輪の帯,,,0,
wardrobe5,21,waist,雷輪の帯,,,0,
wardrobe5,22,waist,光輪の帯,,,0,
wardrobe5,23,ring,マルクィリング,,,0,
wardrobe5,24,ring,メタモルリング+1,[1]=Path: A,RDM,1,
wardrobe5,25,head,テルキネキャップ,[1]=Mag. Acc.+23[2]="Fast Cast"+5[3]=Enh. Mag. eff. dur. +10,RDM,1,
wardrobe5,26,body,テルキネシャジュブ,[1]=Mag. Acc.+24[2]="Fast Cast"+5[3]=Enh. Mag. eff. dur. +10,,0,
wardrobe5,27,hands,テルキネグローブ,[1]=Mag. Acc.+22[2]="Fast Cast"+5[3]=Enh. Mag. eff. dur. +10,,0,
wardrobe5,28,legs,テルキネブラコーニ,[1]=Mag. Acc.+25[2]="Fast Cast"+5[3]=Enh. Mag. eff. dur. +10,RDM,1,
wardrobe5,29,feet,テルキネピガッシュ,[1]=Mag. Acc.+24[2]="Fast Cast"+5[3]=Enh. Mag. eff. dur. +10,RDM,1,
wardrobe5,30,head,ＡＣボード+3,,,0,
wardrobe5,31,hands,ＡＣブレーサー+3,,,0,
wardrobe5,32,legs,ＰＤパンツ+3,[3]=Enhances "Tabula Rasa" effect,,0,
wardrobe5,33,feet,ＡＣローファー+3,,,0,
wardrobe5,34,feet,ＰＤローファー+3,[3]=Enhances "Stormsurge" effect,,0,
wardrobe5,35,ring,ラハブリング,,,0,
wardrobe5,36,ring,ジャリリング,,,0,
wardrobe5,37,ring,ローカスリング,,,0,
wardrobe5,38,ring,夢神の指輪,,,0,
wardrobe5,39,main,ムサ,[1]=Path: C,,0,
wardrobe5,40,body,ＡＣガウン+3,,,0,
wardrobe5,41,head,ＰＤボード+3,[3]=Enh. "Altruism" and "Focalization",,0,
wardrobe5,42,head,ＡＢボネット+1,,,0,
wardrobe5,43,body,ＰＤガウン+3,[3]=Enhances "Enlightenment" effect,,0,
wardrobe5,44,body,ＡＢガウン+1,,,0,
wardrobe5,45,hands,ＡＢブレーサー+1,,,0,
wardrobe5,46,legs,ＡＢパンツ+1,,,0,
wardrobe5,47,feet,ＡＢローファー+1,,,0,
wardrobe5,48,back,ブックワームケープ,[1]=INT+1[2]=MND+1[3]=Helix eff. dur. +20[4]="Regen" potency+10,,0,
wardrobe5,49,sub,スエースストラップ,,,0,
wardrobe5,50,ring,シェルターリング,,,0,
wardrobe5,51,back,ルッフケープ,[1]=DEX+20[2]=Accuracy+20 Attack+20[3]=DEX+10[4]=Haste+10,,0,
wardrobe5,52,back,ルッフケープ,[1]=INT+20[2]=Mag. Acc+20 /Mag. Dmg.+20[3]=Magic Damage +10[4]="Mag.Atk.Bns."+10,,0,
wardrobe5,53,head,マーリンフード,[1]=Mag. Acc.+23 "Mag.Atk.Bns."+23[2]=Magic burst dmg.+10%[3]=INT+4[4]=Mag. Acc.+7,,0,
wardrobe5,54,body,マーリンジュバ,[1]=Mag. Acc.+22 "Mag.Atk.Bns."+22[2]=Magic burst dmg.+9%[3]=DEX+1[4]=Mag. Acc.+15[5]="Mag.Atk.Bns."+15,,0,
wardrobe5,55,ear,胡蝶のイヤリング,[1]="Mag.Atk.Bns."+4[2]=TP Bonus +250,RDM,1,
wardrobe5,56,ear,電界の耳,,,0,
wardrobe5,57,ring,エバネセンスリング,,,0,
wardrobe5,58,hands,オトミグローブ,[2]=HP+30[3]=MP+30[4]=MP+30,,0,
wardrobe5,59,legs,カイロンホーズ,[1]=Accuracy+6[2]=Pet: Mag. Acc.+22[3]="Refresh"+2[4]=Mag. Acc.+4 "Mag.Atk.Bns."+4,,0,
wardrobe5,60,hands,ビウェグカフス,,,0,
wardrobe5,61,waist,氷輪の帯,,,0,
wardrobe5,62,waist,風輪の帯,,,0,
wardrobe5,63,waist,土輪の帯,,,0,
wardrobe5,64,waist,水輪の帯,,,0,
wardrobe6,1,main,レリックダガー,,,0,
wardrobe6,2,main,マグヌスソード,,,0,
wardrobe6,3,main,ターニオンダガー+1,,,0,
wardrobe6,4,main,金糸雀,[1]="Store TP"+4[2]=AGI+2[3]=Accuracy+10[4]=Attack+18[5]=DMG:+12,,0,
wardrobe6,5,main,石切丸,,,0,
wardrobe6,6,head,ガネーシャマスク,,,0,
wardrobe6,7,ammo,佐助手裏剣,,,0,
wardrobe7,1,head,ＬＴシャペル+1,,RDM,1,
wardrobe7,2,body,ＬＴサヨン+1,,RDM,1,
wardrobe7,3,hands,ＬＴガントロ+1,,RDM,1,
wardrobe7,4,legs,ＬＴフュゾー+1,,RDM,1,
wardrobe7,5,feet,ＬＴウゾー+1,,RDM,1,
wardrobe7,6,body,ＡＴタバード+3,,RDM,1,
wardrobe7,7,hands,ＡＴグローブ+3,,RDM,1,
wardrobe7,8,head,ＶＩシャポー+3,[3]=Enfeebling Magic duration[4]=Magic Accuracy,RDM,1,
wardrobe7,9,body,ＶＩタバード+3,[3]=Enhances "Chainspell" effect,RDM,1,
wardrobe7,10,hands,ＶＩグローブ+3,[3]=Enhancing Magic duration,RDM,1,
wardrobe7,11,legs,ＶＩタイツ+3,[3]=Enspell Damage[4]=Accuracy,RDM,1,
wardrobe7,12,feet,ＶＩブーツ+3,[3]=Immunobreak Chance,RDM,1,
wardrobe7,13,main,マクセンチアス,,RDM,1,
wardrobe7,14,head,白ララブキャップ+1,,RDM,1,
wardrobe7,15,waist,チャークベルト,,RDM,1,
wardrobe7,16,main,プクラトムージュ,,RDM,1,
wardrobe7,17,main,プクラトムージュ+1,,RDM,1,
wardrobe7,18,main,コラーダ,[1]=Enh. Mag. eff. dur. +4[2]=Mag. Acc.+7[3]="Mag.Atk.Bns."+10,,0,
wardrobe7,19,range,ウルル,,RDM,1,
wardrobe7,20,ammo,イェットシーラ+1,,RDM,1,
wardrobe7,21,head,ＡＴシャポー+1,,RDM,1,
wardrobe7,22,neck,デュエルトルク+2,[1]=Path: A,RDM,1,
wardrobe7,23,back,スセロスケープ,[1]=INT+20[2]=Mag. Acc+20 /Mag. Dmg.+20[3]=INT+10[4]=Weapon skill damage +10%,RDM,1,
wardrobe7,24,legs,シェダルサラウィル,,RDM,1,
wardrobe7,25,neck,ノデンズゴルゲット,,RDM,1,
wardrobe7,26,ear,スノトラピアス,,RDM,1,
wardrobe7,27,legs,ＡＴタイツ+1,,RDM,1,
wardrobe7,28,main,ネイグリング,,RDM,1,
wardrobe7,29,neck,アヌートルク,,,0,
wardrobe7,30,waist,セールフィベルト+1,,,0,
wardrobe7,31,waist,アキュイテベルト+1,[1]=Path: A,RDM,1,
wardrobe7,32,main,クロセアモース,[1]=Path: C,RDM,1,
wardrobe7,33,main,シブロン,[3]=TP Bonus +1000,,0,
wardrobe7,34,sub,ＢＦバルワク+1,[1]=Phys. dmg. taken -4%[2]="Shield Mastery"+3[3]=Magic dmg. taken -4%,RDM,1,
wardrobe7,35,feet,テーオンブーツ,[1]=Mag. Acc.+19[2]="Dual Wield"+5[3]=DEX+10,RDM,1,
wardrobe7,36,neck,アイニアカラー,,RDM,1,
wardrobe7,37,ring,シーリチリング+1,,,0,
wardrobe7,38,head,ジャリコロナル+2,,RDM,1,
wardrobe7,39,body,ジャリローブ+2,,,0,
wardrobe7,40,hands,ジャリカフス+2,,RDM,1,
wardrobe7,41,legs,ジャリスロップス+2,,,0,
wardrobe7,42,feet,ジャリピガッシュ+2,,,0,
wardrobe7,43,main,クトゥルブナイフ,,RDM,1,
wardrobe7,44,feet,マーリンクラッコー,[1]="Mag.Atk.Bns."+17[2]=Pet: "Dbl. Atk."+2[3]="Treasure Hunter"+2[4]=Accuracy+8 Attack+8,RDM,1,
wardrobe7,45,ear,シェリダピアス,,RDM,1,
wardrobe7,46,ear,ダークサイドピアス,,,0,
wardrobe7,47,ear,クリプティクピアス,,,0,
wardrobe7,48,ring,エパミノダスリング,,RDM,1,
wardrobe7,49,main,マレヴォレンス,[1]=INT+10[2]=Mag. Acc.+10[3]="Mag.Atk.Bns."+10[4]="Fast Cast"+5,,0,
wardrobe8,1,head,ＦＵバンド+3,[3]=Enhances "Battuta" effect,,0,
wardrobe8,2,head,ＲＮバンド+3,,,0,
wardrobe8,3,head,トゥルムキャップ+1,,,0,
wardrobe8,4,head,ハリタスヘルム,,,0,
wardrobe8,5,head,ＥＲガレア+1,,,0,
wardrobe8,6,body,ＲＮコート+3,,,0,
wardrobe8,7,body,ＦＵコート+3,[3]=Enhances "Elemental Sforzo" effect,,0,
wardrobe8,8,head,アデマボンネット+1,[1]=DEX+12[2]=AGI+12[3]=Accuracy+20,,0,
wardrobe8,9,body,アデマジャケット+1,[1]=DEX+12[2]=AGI+12[3]=Accuracy+20,,0,
wardrobe8,10,body,エメットハーネス+1,,,0,
wardrobe8,11,body,テーオンタバード,[2]="Fast Cast"+5[3]=Phalanx +3,RDM,1,
wardrobe8,12,hands,メガナダグローブ+2,,,0,
wardrobe8,13,hands,トゥルムミトン+1,,,0,
wardrobe8,14,hands,テーオングローブ,[3]=Phalanx +3,RDM,1,
wardrobe8,15,hands,アデマリスト+1,[1]=DEX+12[2]=AGI+12[3]=Accuracy+20,,0,
wardrobe8,16,hands,クーリスグローブ,,,0,
wardrobe8,17,legs,ＦＵトラウザ+3,[3]=Enhances "Inspire" effect,,0,
wardrobe8,18,legs,メガナダショウス+2,,,0,
wardrobe8,19,legs,テーオンタイツ,[3]=Phalanx +3,RDM,1,
wardrobe8,20,legs,ＥＲレグガード+1,,,0,
wardrobe8,21,feet,メガナダジャンボ+2,,,0,
wardrobe8,22,hands,ローハイドグローブ,[1]=HP+50[2]=Accuracy+15[3]=Evasion+20,,0,
wardrobe8,23,feet,ＥＲグリーヴ+1,,,0,
wardrobe8,24,neck,フサルクトルク+2,[1]=Path: A,,0,
wardrobe8,25,neck,月光の首飾り,,,0,
wardrobe8,26,waist,イオスケハベルト+1,,,0,
wardrobe8,27,waist,エングレイブベルト,,,0,
wardrobe8,28,back,オーグマケープ,[1]=HP+60[2]=Eva.+20 /Mag. Eva.+20[3]=Mag. Evasion+10[4]=Enmity+10[5]=Damage taken-5%,,0,
wardrobe8,29,back,ディバートケープ,[1]=Enmity+4[2]="Embolden"+15[3]="Dbl.Atk."+1[4]=Damage taken-2%,,0,
wardrobe8,30,ring,ニックマドゥリング,,,0,
wardrobe8,31,main,エピオラトリー,,,0,
wardrobe8,32,head,マリグナスシャポー,,RDM,1,
wardrobe8,33,body,マリグナスタバード,,RDM,1,
wardrobe8,34,hands,マリグナスグローブ,,RDM,1,
wardrobe8,35,legs,マリグナスタイツ,,RDM,1,
wardrobe8,36,feet,マリグナスブーツ,,RDM,1,
wardrobe8,37,head,カマインマスク+1,[1]=Accuracy+20[2]=Mag. Acc.+12[3]="Fast Cast"+4,RDM,1,
wardrobe8,38,body,カマインスケイル+1,[1]=Attack+20[2]="Mag.Atk.Bns."+12[3]="Dbl.Atk."+4,,0,
wardrobe8,39,hands,カマインフィンガ+1,[1]=Rng.Atk.+20[2]="Mag.Atk.Bns."+12[3]="Store TP"+6,,0,
wardrobe8,40,legs,カマインクウィス+1,[1]=Accuracy+20[2]=Attack+12[3]="Dual Wield"+6,RDM,1,
wardrobe8,41,feet,カマイングリーヴ+1,[1]=Accuracy+12[2]=DEX+12[3]=MND+20,,0,
wardrobe8,42,sub,ウトゥグリップ,,,0,
wardrobe8,43,ammo,サピエンスオーブ,,,0,
wardrobe8,44,ammo,ノブキエリ,,,0,
wardrobe8,45,waist,オーシャンサッシュ,,,0,
wardrobe8,46,ear,アースクライピアス,,RDM,1,
wardrobe8,47,ear,ブルタルピアス,,RDM,1,
wardrobe8,48,ear,素破の耳,,RDM,1,
wardrobe8,49,waist,カシリベルト,,,0,
wardrobe8,50,feet,テーオンブーツ,[2]=Spell interruption rate down -10%[3]=Phalanx +3,RDM,1,
wardrobe8,51,feet,トゥルムレギンス+1,,,0,
wardrobe8,52,neck,ストーンゴルゲット,,,0,
wardrobe8,53,waist,ギシドゥバサッシュ,,RDM,1,
wardrobe8,54,back,月明の羽衣,,RDM,1,
wardrobe8,55,ring,シーリチリング+1,,RDM,1,
wardrobe8,56,sub,コーンスー,,,0,
wardrobe8,57,ring,月光の指輪,,,0,
wardrobe8,58,body,サムヌーハコート,[1]=Mag. Acc.+12[2]="Mag.Atk.Bns."+12[3]="Dual Wield"+3,,0,
wardrobe8,59,legs,蓐収佩楯,,,0,
wardrobe8,60,waist,オルペウスサッシュ,,RDM,1,
wardrobe8,61,waist,フルームベルト+1,,,0,
wardrobe8,62,neck,フォシャゴルゲット,,RDM,1,
wardrobe8,63,waist,フォシャベルト,,RDM,1,
wardrobe8,64,ear,ハラサズピアス,,,0,
wardrobe8,65,ear,イシュヴァラピアス,,,0,
wardrobe8,66,ear,エアバニピアス,,RDM,1,
wardrobe8,67,head,テーオンシャポー,[1]=Accuracy+22[2]="Triple Atk."+2[3]=Phalanx +3,RDM,1,
wardrobe8,68,ring,ゲリリング,,,0,
wardrobe8,69,ring,イラブラットリング,,RDM,1,
wardrobe8,70,ring,ディンジルリング,,,0,
wardrobe8,71,legs,ローハイドトラウザ,[1]=MP+50[2]="Fast Cast"+5[3]="Refresh"+1,,0,
wardrobe8,72,ammo,ヤメラング,,,0,
wardrobe8,73,hands,ＦＵミトン+1,[3]=Enhances "Sleight of Sword" effect,,0,
wardrobe8,74,hands,ＲＮミトン+1,,,0,
wardrobe8,75,feet,ＦＵブーツ+1,[3]=Enhances "Rayke" effect,,0,
wardrobe8,76,feet,ＲＮブーツ+1,,,0,
wardrobe8,77,legs,サムヌータイツ,[1]=STR+10[2]=DEX+10[3]="Dbl.Atk."+3[4]="Triple Atk."+3,,0,
wardrobe8,78,waist,オドンブラサッシュ,,,0,
wardrobe8,79,sub,メンシストラップ+1,,,0,
wardrobe8,80,ammo,オゲルミルオーブ+1,,RDM,1,
